"Sno";"phone";"name";"address";"street";"city";"zone_id";"litres"
1861;"12019935680";"RISHI BERIWA";"35 ROWLAND ROAD TRISHUL APARTMENT FLAT-3A";"";"";17;1
1964;"1234567891";"test";"ghgh";"";"";17;7
1493;"3324750625";"vidi singhvi";"5B Sarat Bose Road,(Lansdown Court) kol-20";"";"";13;2
1504;"3340047196";"paraslal rampuria";"3/4 heysham road";"";"";13;2
1935;"3340070025";"pooja chitlangia";"Babylon Apartment,Floor 4,Flat 4r  2/1 A Burdwan Road, New Alipur,Kolkata-27";"";"";10;1
1780;"3340084555";"Nitim maheshwari";"URBANA TOWER-2  FLAT-3301";"";"";11;0
1534;"6290202485";"VISHAL ARIYA";"Active acres tower-6A flat-5c dc  dey road tangra";"";"";13;1
1764;"64223174327";"IRIS SCHROD";"11 OLD BALLYGUNGE SECOND LANE BALLYGUNGE (MANGALAM )BUNGALOW";"";"";11;1
1575;"7000802016";"rekha garg";"space town block-2 flat 4F kol-52(near haldiram)";"";"";14;1
1741;"7003111725";"NAMRATA BAID";"6/1/1 queens park";"";"";11;1
1461;"7003329873";"PRAGYA";"83 golaghata road vip towers ";"";"";12;1
1456;"7003484943";"KAILASH PHERIWAL";"83 golaghata road vip towers FLAT-402";"";"";12;0
1740;"7003531781";"shraddha baid";"6/1/1 queens park";"";"";11;1
1761;"7003822811";"PANKAJ SINGHANIA";"TOWER-2 FLAT NO-2902";"";"";11;1
1888;"7044060528";"SHRUTI RAMPURIA";"57/2F DIAMOND HARBOUR ROAD";"";"";10;1
1580;"7044514050";"Shikha agarwal";"srijan heritage enclave complex block-3 flat-5b kol-136(345 rajarhat main road)";"";"";14;0
1476;"7666063456";"Gargi dasgupta";"AE 452 SALT LAKE SECTOR-1 NEAR KWALITY BUS STOP.NEAR AE MARKET";"";"";12;1
1448;"7676579593";"deepak naita";"202,jessore road,shyam lake garden,b-block,5th floor kol-89";"";"";12;1
1752;"7767899336";"R BHANSALY";"6/5C ANIL MITRA ROAD BINAYAK RESIDENCY FLAT NO 401 KOL-19 (NEAR SOUTH POINT SCHOOL )";"";"";11;5
1852;"7980864129";"SUMAN BAGLA";"33 TOLLYGUNGE CIRCULAR ROAD MAHAVIRTALA PETROL PUMP KOL-53 (SITAL SADAN BLOCK-B)";"";"";17;1
1599;"8013065551";"SHILPI CHHAOCHHARIA";"MANIKALA APPARTMENT FLAT-15DB (OPP-BENGAL CHEMICAL)";"";"";15;1
1495;"8017035535";"jetendra kumar";"d.l.khan road";"";"";13;1
1570;"8017779887";"SACHINE KUMAR SINGHANIA";"SHYAM BHAWAN PANCHVATI COMPLEX VIP ROAD OPP HALDIRAM FLAT-303.KOL-52";"";"";14;1
1844;"8240152900";"MALIKA GUPTA";"TOWER-3 24E SOUTH CITY";"";"";17;1
1496;"8240373853";"adarsh tulshian";"d.l.khan road";"";"";13;1
1920;"8335826400";"SATVIKA PATODIA";"5F/2 NEW ROAD ALIPORE KOL-27";"";"";10;0
1573;"8335862221";"INDER AGARWAL";"94,BLOCK B, BANGUR AVENUE 5TH FLOOR";"";"";14;3
1799;"8336815105";"DEVANI BHAGAT";"FORT OASIS 36B PANDITYA ROAD BLOCK 5 FLAT  801-6 8TH FLOOR KOL-29";"";"";17;1
1484;"8420779561";"Bulbul Dabriwal";"Dabriwal house";"";"";13;2
1787;"8420891790";"Rajesh Kshetry";"TOWER-6  FLAT NO-2401  URBANA ";"";"";11;2
1561;"8583028551";"ANGSHUMAN DUTTA";"DWITIYA FLAT-805 UDITA";"";"";14;1
1488;"8587897778";"victoria view";"12th floor";"";"";13;1
1490;"8820184433";"M.L.BACHAWAT";"sindu building roy street flat-4b";"";"";13;0
1805;"8910022043";"alok banthi";"KUSUM APT";"";"";17;1
1604;"9007008261";"manoj aggarwal";"no";"";"";16;3
1585;"9007055544";"dipak yaduka";"p-44 cit road 3rd floor";"";"";15;2
1457;"9007070403";"URMILA SARAOGI";"80 GOLAGHATA ROAD VIP TOWER BLK-b/2b KOL-48";"";"";12;4
1912;"9007164158";"SHWETA SANGANARIA";"10A3 SATYAM TOWER 3 ALIPORE ROAD KOL-27";"";"";10;0
1871;"9007215600";"kamal surana";"G 395 New Alipore in BP Poddar hospital lane";"";"";10;4
1518;"9007371865";"s.k.baid";"38/1 elgin road opp forum flat 2b";"";"";13;1
1559;"9007640991";"MANISH KR AGGARWAL";"UPOHAR TOWER 4 FLAT-1501";"";"";14;3
1795;"9051038381";"sourav aggarwal";"agarwl house,18/5 ballygunge circular road 2nd floor kol-19";"";"";17;1
1829;"9051331545";"SHAKUNTALA NEMANI";"60/2 LAKE ROAD 3A SHREEKUNJ APT KOL-29(NEAR AMRI HOSPITAL)";"";"";17;1
1469;"9051603508";"ADITI TIWARI";"D 57,MAHAVIR VIKAS,HC BLOCK ";"";"";12;1
1470;"9051896333";"GIRIJA PRASAD";"D-13,MAHAVIR VIKAS,HC BLOCK ";"";"";12;0
1587;"9073249710";"absheek aggarwal";"23a RAJENDRA MULLICK ROAD 2ND BLOCK 3RD FLOOR KOL-7";"";"";15;3
1581;"9073293787";"arun aggarwal";"293 GOURINATH SHASTRI SARANI (SHYAM RESIDENCY FLAT N0-)";"";"";14;1
1578;"9163590000";"MAHESH G";"336 A CANAL STREET";"";"";14;0
1835;"9163849194";"KAAVYA GUPTA";"111 SOUTHERN AVENUE 15A ASHOKA APARTMENT NEAR LAKE KALIBARI KOL-29";"";"";17;1
1854;"9167445846";"rishika";"";"";"";17;1
1443;"9330191049";"Manish Goel";"ALCOVE tower-2 flat-12N,403 kol-48";"";"";12;2
1831;"9331004640";"vijay singh baid";"64b BALLYGUNGE CIRCULAR ROAD FLAT-7A ";"";"";17;1
1872;"9331008586";"Harikanta Bhutoria";"9B Alipur Avenue";"";"";10;2
1477;"9331009386";"Shashi saraf";"C J-11 SALT LAKE SECTOR -2 KOL-91(NEAR TANK NO-9 NEAR PUNJAB NATIONAL BANK AND ICICI BANK";"";"";12;1
1609;"9331020812";"INDER CHADDA0";"no";"";"";16;1
1802;"9331022633";"ANURADHA DUGGER";"7/1 DEODAR STREET KOL-19";"";"";17;1
1784;"9331034103";"JAYA RATHORE";"TOWER-6  FLAT NO-4202  URBANA ";"";"";11;1
1536;"9331036559";"RAJENDRA NAHATA";"1 HOCHIMINH SARANI FLAT-6A 6TH FLOOR METRO TOWER KOL-71 (OPP TATA CENTER)";"";"";13;2
1455;"9331191049";"PUJA GOEL";"TOWER-1 FLAT-4F ALCOVE";"";"";12;2
1584;"9331203191";"vikas tulshian";"p-180 cit road";"";"";15;2
1883;"9331804112";"DIPA ROY";"12/1, judges court road ,alipore kol-27";"";"";10;1
1747;"9331886061";"K.S.BHUTORIA";"";"";"";11;1
1746;"9339031315";"manoj bagaria";"8 sunny park 8th floor kol-19";"";"";11;1
1462;"9339335949";"rajesh garg";"CE 30 SALT LAKE CITY ";"";"";12;1
1577;"9339339220";"SHANKAR LAL AGARWAL";"164 V.I.P ROAD SCHEME 7 M.NEAR SONY WORLD KOL-54 1ST FLOOR";"";"";14;1
1723;"9339728116";"Kamala Bengani";"1 ballygunje park road bally high 7th flr";"";"";11;1
1525;"9339827947";"MRS PODDAR";"4 THEATRE ROAD FLAT-5H";"";"";13;1
1533;"9433048105";"PUNNAM JAJU";"";"";"";13;1
1903;"9433089319";"bhawani bhutoria";"862,block-p 1st floor new alipore kol-53 (in front of ideal exotica near iskon)";"";"";10;1
1564;"9433143390";"ANITA AGGARWAL";"196 LAKE TOWN BLOCK-a KOL-89";"";"";14;1
1726;"9433721422";"Chitra Bhattacharjee";"32 Old Ballygunge , 1st Lane 4TH Floor";"";"";11;0
1579;"9547996789";"RITESH RAKHECHA";"space town block-9 flat 2K kol-52(near haldiram)";"";"";14;1
1475;"9650062639";"Maitreyi chatterjee";"D 10,MAHAVIR VIKAS,HC BLOCK ";"";"";12;1
1517;"9674021595";"STUTI SANGANERIA";"21 CIRCUS AVENUE KOL-17";"";"";13;1
1528;"9674109640";"CHANDNI KARNANI";"9/1 LOWER ROWDON STREET A BLOCK 3RD FLOOR(SOUTH) Mani Mansions kol-20 near J D BIRLA COLLEDGE";"";"";13;2
1849;"9674379362";"Manali jain";"22/1c manohar pukur road gayatri building flat-4a";"";"";17;2
1792;"9674895946";"MANITA GOHRAWAT";"1B DEODAR STREET BALLYGUNGE CIRCULAR ROAD.P.S.PREMIERA APPARTMENT FLAT NO -7B";"";"";17;1
1786;"9714833773";"MONA JAIN";"AVIDIPTA RESIDENCY FLAT-1F-203 NEAR -MEDICA KOL-99";"";"";11;1
1926;"9732010296";"SHEELA AGGARWAL";"22/1, belvedre road, near horticulture garden, kol-27";"";"";10;6
1505;"9748125555";"KUMAR";"8/1 LOUDEN STREET PUJA BUILDING";"";"";13;2
1760;"9748401911";"RAJ GUPTA";"22 BALLYGUNGE PLACE, FLAT-4A KOL-19(NEAR 6 BALLYGUNGE PLACE)";"";"";11;1
1867;"9748409523";"NAMRATA BAJAJA";"NEXT TO BHUTORIA BUILDING";"";"";10;1
1838;"9748438621";"mitakshara chatterjee";"6,tilak road opp-deshapriya park kol-29(landmark-priya cenema hall)";"";"";17;1
1841;"9748702555";"VISHAL SHORF";"SOUTH CITY TOWER-2 FLAT-17 B ";"";"";17;1
1866;"9748721316";"Divina salarpuria";"574 N Block New Alipur, Kolkata-53";"";"";10;2
1560;"9748740437";"GOPAL KRISHNA DARUKA";"UPOHAR,TOWER-6 FLAT-1702";"";"";14;1
1921;"9748764334";"Sharad jhawar";"57,D .H . ROAD IDEAL TOWERS BLOCK-D FLAT-2C KOL-23";"";"";10;1
1520;"9748817744";"PREETI SHAH";"2/8B SARAT BOSE ROAD (LANE BESIDE HINDUSTAN CLUB LAST BUILDING ON THE LEFT HAND SIDE)";"";"";13;2
1441;"9748838806";"REKHA YADUKA";"AVANI OXFORD PHASE-2 BLOCK-3 FLAT-4D(NEAR LAKE TOWN SWIMMING POOL";"";"";12;3
1576;"9804364414";"ABRITA CHAKBORTY";"217 R.N.TAGORE ROAD DUMDUM BEDIAPARA KOL-77";"";"";14;0
1884;"9810112682";"AMBIKA LAL";"21/B,BELVEDERE RD ALIPORE (OPP MAIN GATE OF HORTICULTURE GARDEN)KOL-27  5TH FLOOR.";"";"";10;1
1886;"9820714149";"AVNI AGGARWAL";"2ND FLOOR BASANTIKANILAM 132 BLOCK g NEW ALIPORE";"";"";10;1
1837;"9830008252";"Anushree jhunjhunwala";"p-29 gariahat road 2nd floor next to kimli restaurant golpark kol-29";"";"";17;1
1880;"9830008531";"Akansha Gupta";"3 A National Library Avenue, Gupta Niketan,4th Floor";"";"";10;2
1918;"9830010220";"BHAWANI AGARWAL";"VISA HOUSE 8/10 ALIPORE ROAD KOL-27";"";"";10;2
1610;"9830011300";"BRIDJE MOHAN AGGARWAL";"no";"";"";16;2
1567;"9830014285";"MANJU KYAL";"space town block-2 flat 4B kol-52(near haldiram)";"";"";14;1
1833;"9830015173";"NEHA GUPTA";"paramount appart 25 ballygunge circular road kol-19 FLAT 10 C";"";"";17;1
1500;"9830016957";"MUDITA KAJARIA";"25e theatre road kol-17 5th floor";"";"";13;1
1562;"9830018080";"deena sharma";"udita-prothoma 1202";"";"";14;2
1778;"9830021213";"SHREEKANT PHUMBHRA";"5 QUEENS PARK FLAT NO-2-SE KOL-19";"";"";11;1
1855;"9830021214";"NUTAN JAISWAL";"JAYASWAL HOUSE 112 SOUTHERN AVENUE KOL-29";"";"";17;0
1514;"9830025907";"MANISH SOMANI";"227/1a a.j.c. bose road  gardenia homes minto park kol-20 FLAT-4D 4TH FLOOR";"";"";13;1
1725;"9830025913";"Mamta Saboo";"mohini mansion 11A/3, sani park 3rd floor kol 19";"";"";11;2
1876;"9830027550";"Jaysree Dugar";"15 Burdwan Road, Chandra Mahal, 5th Floor,Room no.57 & 27";"";"";10;1
1909;"9830031403";"PREETI SARDA";"15 ALIPORE PARK ROAD KOL-27(DEVAKRYT)";"";"";10;2
1487;"9830034564";"Arun sancheti";"Flat 10b, 26b camac street,kolkata-16Near Vardan Market";"";"";13;1
1796;"9830036740";"VIJAY JAJU";"10/1 CHAKRABERIA ROAD (SOUTH) FORT PURVI FLAT-3C ";"";"";17;1
1601;"9830040220";"ARVIND BIYANI";"Swarnamani 6TH FLOOR MIDDLE BLOCK ,33 canal street near Mani square kol-58";"";"";15;1
1900;"9830044455";"Surekha Mimani";"31/41 binova bhave road, Mani tower, Shiv kutir,kol-38(next to taratalla petrol pump after majerhat ";"";"";10;0
1781;"9830045720";"HARSH CHOUDHARY";"55 HAZRA ROAD,(TURQUOISE BAY)FLAT-3B KOL-19";"";"";11;0
1751;"9830046161";"ajay aggarwal";"3g,ashray apartments,12 sunny park kol-19";"";"";11;1
1822;"9830047936";"SUSHMA VIJAY";"64B BALLYGUNGE CIRCULAR ROAD FLAT-4B 4TH FLOOR OPP TIVOLI COURT KOL-19";"";"";17;0
1600;"9830051551";"ALY ORGANIC MILK";"167 CHITTARANJAN AVENUE 5TH FLOOR KOL-6";"";"";15;0
1468;"9830054353";"IPSHITA";"D 23,MAHAVIR VIKAS,HC BLOCK OPP NICCO PARK BESIDE TRIPURA HOUSE";"";"";12;1
1471;"9830054372";"Ayush Jain";"Block -GD sector -3 1st floor";"";"";12;1
1749;"9830057220";"POONAM MOHTA";"6/2 QUEEN'S PARK BALLYGUNGE KOL";"";"";11;1
1753;"9830057506";"RISHU SARDA";"1B MAY FAIR ROAD FLAT 2B, HERITAGE PRINCESS BUILDING KOL-19";"";"";11;1
1511;"9830065588";"SANJIB BOTHRA";"10/4A,ELGIN ROAD,RAMESWARA,FLAT-4B,KOL-20";"";"";13;3
1895;"9830065921";"sri Atul churiwal";"4 a national library kol-27";"";"";10;1
1512;"9830070276";"SHALINI SETHI";"1 WOOD STREET FLAT-301 KOL-16";"";"";13;1
1776;"9830070350";"Ritu Lohia";"15 A mandeville gardens opp-Junior south point school 1st floor kol-19";"";"";11;4
1515;"9830071942";"KAMAL PAREKH";"2/10 SARAT BOSE ROAD Garden apts block-h kol-20 (lane before hindustan club)";"";"";13;2
1491;"9830073273";"swati bajaj";"59a chowringhee road,12th floor, flat 12 B, Avani Heights, kolkata:20";"";"";13;2
1851;"9830076672";"RAJENDRA BHUTORIA";"DOVER ROAD OPP AQUA JAVA";"";"";17;1
1892;"9830078806";"smriti aggarwal";"10/1/H ALIPORE PARK PLACE KOL-27";"";"";10;1
1446;"9830082871";"Ajit saria";"94 BANGUR AVENUE BLOCK B 4TH FLOOR(right side ) KOL-55(NEAR SUPER MARKET)";"";"";12;1
1901;"9830083315";"manisha kajaria";"22/1 belvedere road 4th floor alipore 27 (opp horti culture)";"";"";10;1
1783;"9830087587";"PREM ROHIRA";"8C BALLY HIGH 1,BALLYGUNGE PARK ROAD OPP-ICE SKATING RINK KOL-19";"";"";11;2
1593;"9830088428";"VISHNU RAJGARIA";"lake district block 4 LOBBY-2 flat 3H";"";"";15;1
1571;"9830089300";"USHA AGGARWAL";"SUNCITY COMPLEX B-502 ULTADANGA";"";"";14;1
1824;"9830089709";"JYOTI KARLA";"3A VEDANTA APTS 52/4/1 BALLYGUNGE CIRCULAR ROAD KOL-19(OPP SCIENCE COLLEDGE)";"";"";17;0
1583;"9830094889";"Raj kr aggarwal";"lake district block 5 flat 3d";"";"";15;1
1846;"9830108211";"ROSHNI AHEMED";"60 SARAT BANERJEE ROAD FLAT-2 JALPAIGURI HOUSE";"";"";17;1
1729;"9830124848";"Nidhi shaha";"41/1B JHOWTALLA ROAD,PANCHSHEEL BUILDING KOL-19 FLAT-5B";"";"";11;1
1769;"9830128037";"SANDEEP DHANDHARIA";"URBANA TOWER-2 FLAT-2301";"";"";11;1
1452;"9830132235";"NIRMAL JAIN";"SUNCITY COMPLEX D-108 ULTADANGA";"";"";12;2
1828;"9830135600";"VISHAL ATHA";"60/1 BALLYGUNGE CIRCULAR ROAD SHIROMANI APARTMENT 8TH FLOOR OPP ST LAWRENCE SCHOOL KOL-19";"";"";17;2
1808;"9830136896";"BIDISHA SEN";"SOUTH CITY 27 G Tower 4";"";"";17;1
1834;"9830139862";"RAMASWAYMI";"63 SOUTHERN AVENUE GROUND FLOOR FLAT-2 KOL-29";"";"";17;2
1743;"9830146222";"NIDHI TULSIYAN";"ASHRAY APPT BLOCK B FLAT-4B 12 SUNNY PARK KOL-19";"";"";11;0
1720;"9830146903";"MAHAVIR JAIN";"4 PETORIA STREET 3RD FLOOR FLAT 3C";"";"3324798352";11;1
1913;"9830165577";"nathany";"12 ashoka road flat-203 second floor";"";"";10;4
1772;"9830167844";"sangeeta jhunjhunwala";"7b pretoria street kol-71";"";"";11;0
1535;"9830177447";"DIVYA AGGARWAL";"38/1 ELGIN ROAD KOL-20 ELEGANZA BUILDING FLAT-1B.LANDMARK-OPP FORUM SHOPPING MALL";"";"";13;1
1779;"9830178430";"Nidhi Arrora";"URBANA TOWER-2  FLAT-3701";"";"";11;1
1894;"9830181818";"uma dadoo";"harbour heights,flat-301,35/1 diamond harbour road kol-27";"";"";10;1
1735;"9830184488";"Priyanka Kanoi";"5 pretoria street 2nd floor.opp- sawansukha jewellers";"";"";11;1
1557;"9830190092";"ANUJA JI";"UDITA th-10";"";"";14;1
1727;"9830218888";"Alia Ahamed";"216/2b,beside Conclave club AJC BOSE ROAD KOL-17";"";"";11;1
1931;"9830223450";"SHASHWAT GOENKA";"19 BELVEDERE ROAD RAMA PRASAD SARANI ALIPORE-27 (GOENKA NIWAS)";"";"";10;2
1801;"9830227772";"RADHIKA SETHIA";"35/11 PUDDAPUKUR ROAD OFF BALLYGUNGE CIRCULAR ROAD .NEXT TO DAVID HARE COLLEDGE.KOL-20";"";"";17;2
1738;"9830242776";"asish bubna";"86,PARESH MAZUMDAR ROAD,4TH FLOOR INDU PARK KASBA";"";"";11;2
1486;"9830250698";"Shruti Dugger";"3a camac street 4th floor building above Arvind store";"";"";13;2
1832;"9830254702";"MINAL JHAVERI";"64b BALLYGUNGE CIRCULAR ROAD FLAT-7B";"";"";17;1
1811;"9830255330";"sarita bengani";"52/4/1 ballygunge circular road opp science colledge flat-2c kol-19 vedanta appt";"";"";17;1
1742;"9830263260";"Shuriti Toshniwal";"FLAT NO 44 PANKAJ APARTMENT,86 BALLYGUNGE PLACE KOL-19";"";"";11;3
1736;"9830274888";"Ruchi kanoi";"5 pretoria street 2nd floor.opp- sawansukha jewellers";"";"";11;1
1932;"9830276716";"POOJA GUPTA";"3 A National Library Avenue, Gupta Niketan,3RD Floor";"";"";10;1
1827;"9830279789";"Seema kayal";"30C SOUTHEND PARK NEAR DHAKURIA BRIDGE KOL-29";"";"";17;2
1859;"9830313000";"NANDA Anchalia";"1B DEODAR STREET BALLYGUNGE CIRCULAR ROAD.P.S.PREMIERA APPARTMENT FLAT NO -5b";"";"";17;1
1739;"9830319066";"NAMRATA AGARWAL";"FLAT NO 44 PANKAJ APARTMENT,86 BALLYGUNGE PLACE KOL-19";"";"";11;1
1885;"9830320601";"Abha Mittal";"1 ashoka road 7th floor";"";"";10;2
1793;"9830324563";"Kiran Agarwal";"14A Roland Road, Villa 4, Kolkata-20";"";"";17;3
1479;"9830331401";"rakesh nahata";"CF-297,SECTOR-1 KOL64(NEAR SALT LAKE SWIMMING POOL SUBWAY OR BAISAKHI MORE)";"";"";12;2
1800;"9830333699";"Shruti bagrodia";"6 dover park,HARI NIWAS, 5th floor ballygunge kol-19";"";"";17;1
1558;"9830336087";"INDIRA ";"8th floor";"";"";14;2
1874;"9830378535";"Amrita Damani";"22/1 Alipore Road,Vandana Apt,Flat501-5th Floor,Kol-27";"";"";10;1
1845;"9830378981";"DEEPIKA JAIN";"62/7 BALLYGUNGE CIRCULLAR ROAD KOL-19 Anusuya building above dominos flat-1c";"";"";17;3
1744;"9830379775";"manjiri";"Balaji enclave sunny park";"";"";11;1
1463;"9830400878";"HARSHIKA TANTIA";"CL 80,SECTOR 2 SALTLAKE KOL-91";"";"";12;2
1922;"9830402305";"SHIVANI AGARWALLA";"115F NEW ALIPORE KOL-53";"";"";10;2
1472;"9830405094";"MOUMITA";"G-19/4 KARUNAMOYEE HOUSING ESTATE SALT LAKE KOL-91 LAND MARK TANK NO 10";"";"";12;0
1925;"9830422671";"VINITA GUPTA";"3 A National Library Avenue, Gupta Niketan,3RD Floor";"";"";10;1
1877;"9830425406";"Shreyansh Dugar";"15 Burdwan Road, Chandra Mahal, 5th Floor";"";"";10;1
1516;"9830425751";"Nakul Mehera";"p-22,c.i.t road scheme-55 5th floor kol-14 landmark-next to philips bus stop,above allahabad bank";"";"";13;1
1897;"9830432300";"PRIYANKA JHUNJHUNWALA";"2/1 A BURDAWAN ROAD BABYLON BUILDING 1ST FLOOR";"";"";10;1
1820;"9830434570";"NEHA JHUNJHUNWALA";"12 DOVER PARK MARUTI SADAN BUILDING FLAT-4 D KOL-19";"";"";17;1
1911;"9830443639";"SUNIL SIKARIA";"20/2C SAHAPUR COLONY 2ND FLOOR NEW ALIPORE KOL-";"";"";10;0
1794;"9830458915";"RISHI";"11a ballugunge circular road ADITI building 2nd floor kol-19";"";"";17;1
1788;"9830470911";"Smriti jain";"orbit tower ,7/1 queens park flat-3a ballygunge kol-16";"";"";11;0
1605;"9830498070";"sweeta tulsian";"no";"";"";16;1
1856;"9830501126";"PUSHPA AGARWAL";"27,A ROWLAND ROAD 3RD FLOOR KOL-20";"";"";17;2
1766;"9830503818";"JUHI MIMANI";"10 LORD SINHA ROAD ANKUR BUILDING FLAT-10A KOL-71";"";"";11;1
1480;"9830507829";"Gayatri Roy";"D 1,MAHAVIR VIKAS,HC BLOCK ";"";"";12;1
1814;"9830530300";"BAGARIA";"FLAT-9B NAVRANG BUILDING 6 SOUTHEND PARK";"";"";17;0
1870;"9830534106";"ranu katruka";"166 block g orbit nest flat 4a new alipur kol 53";"";"";10;1
1732;"9830577333";"Megha modi";"10 Lord Sinha Road,Ankur Building,floor-4, Flat 4C, Kolkata-71";"";"";11;1
1810;"9830591462";"Shivangi";"47 hindusthan park kol-29.next to goalpark";"";"";17;1
1785;"9830593269";"L.N.RAWAT";"6 SUNNY PARK 8TH FLOOR FLAT NO-9 KOL-19";"";"";11;1
1771;"9830611713";"SOUMYA AGARWALLA";"HERITAGE MAYFAIR 3 MAYFAIR ROAD FLAT-2A KOL-19";"";"";11;1
1590;"9830663030";"h.k.saraf";"rukmani parasmani towers 92/1 maulana abul kalam azad sarani flat-2RE";"";"";15;2
1481;"9830665964";"SUCHI KEJRIWAL";"FE-188 SALT LAKE KOL-106 OPP NETAJI STATUE CENTRAL PARK";"";"";12;1
1724;"9830687362";"Anamika Kochar";"5 Old Ballygunge Road,Kolkata-700019";"";"";11;2
1478;"9830688829";"KANTA AGARWAL";"FE-128 SALT LAKE NEAR CENTRAL PARK";"";"";12;2
1890;"9830690021";"ISHITA PATODIA";"5F/2 NEW ROAD ALIPORE KOL-27";"";"";10;1
1938;"9830706021";"SHRUTI GOENKA";"";"";"";10;1
1813;"9830765229";"sushma kejriwal";"280 JODHPUR PARK KOL-68 (CHAAYA KUNJ)5TH FLOOR";"";"";17;1
1773;"9830773732";"pooja kharkia";"9a,ballygunge park road kol-19 3rd floor kharkia house ";"";"";11;5
1459;"9830819293";"ruchika daga";"ALCOVE tower-2 flat-13K kol-48";"";"";12;1
1812;"9830825333";"payal SETHIA";"117 SOUTHERN AVENUE 5TH FLOOR KOL-29";"";"";17;1
1821;"9830861458";"mandira";"24 shyamananda road opp beltala girls high school near maharashtra niwas or behind lansdown market .";"";"";17;1
1875;"9830876007";"Aman chitlangia";"Babylon Apartment,Floor 4,Flat 4F  2/1 A Burdwan Road, New Alipur,Kolkata-27";"";"";10;1
1937;"9830881123";"";"BELAIR FLAT-5A";"";"";10;1
1748;"9830884103";"ARNAB DASGUPTA";"PEARL ROYAL FLAT NO-04,345 MADURDAHA POST EKTP KOL-107";"";"";11;1
1815;"9830888485";"lata harlalka";"empire building 16 a gurusaday road kol-19 tower-2 16ab";"";"";17;1
1537;"9830893860";"NAMRATA Narayan";"urvashi apts flat-10a 10th floor 3 hungerford street (next to Saturday club)";"";"";13;1
1917;"9830910043";"Jyoti Goenka";"6 alipore park road kol-27";"";"";10;1
1817;"9830922353";"vimal goel";"17 shyama prasad mukherjee road bhowanipore icici bank building kol-25";"";"";17;2
1728;"9830928880";"Miss Malick";"Rajasthali";"";"";11;0
1568;"9830933665";"MANISH BHARTIYA";"space town block-2 flat 4E kol-52(near haldiram)";"";"";14;1
1914;"9830950029";"RAJNI AGGARWAL";"10A BURDWAN ROAD ALIPORE 1ST FLOOR";"";"";10;1
1451;"9830951680";"pinky jalan";"space town block 1 flat-1h";"";"";12;0
1734;"9830952248";"Mahesh Bothra";"47A Shaksphere Sarani, Kundalia Tower, Floor 7, (opp-Kala Mandir)";"";"";11;1
1928;"9830956156";"SURBHI BAJORIA";"6A BELAIR BUILDING";"";"";10;2
1503;"9830962971";"SEEMA BOYED";"";"";"";13;2
1607;"9830983488";"Maitri";"no";"";"";16;1
1908;"9830992753";"anu bansal";"6 burdawan road alipore konark garden block-A 5cd konark garden";"";"";10;2
1923;"9830996633";"Ankita kumar";"2a sriram gardens,15 belvedere road alipore kol-27";"";"";10;0
1889;"9830996848";"ISHA  PATODIA";"5F/2 NEW ROAD ALIPORE KOL-27";"";"";10;0
1509;"9831000388";"s bamalwa";"9/1 LOWER ROWDON STREET A BLOCK 4TH FLOOR(SOUTH) Mani Mansions kol-20 near J D BIRLA COLLEDGE";"";"";13;1
1924;"9831000601";"Vinita khemka";"38 A new road";"";"";10;1
1767;"9831000724";"ADITYA BUBNA";"7A PRETORIA STREET KOL-71";"";"";11;1
1538;"9831006117";"mukesh bansali";"Flat 10a, 26b camac street, kolkata-16  Near Vardan Market";"";"";13;0
1809;"9831006744";"CHAVI";"34/1N,BALLYGUNGE CIRCULAR ROAD ARIHANT BUILDING 4TH FLOOR KOL-19";"";"";17;1
1501;"9831006907";"SANJEEV BAJAJ";"";"";"";13;2
1882;"9831007471";"Pritee Poddar";"10 D Alipore park place.kolkata-27,Near Navrang building";"";"";10;1
1893;"9831013988";"VASUDHA KHEMKA";"15 D RAJA SANTOSH ROAD KOL-27";"";"";10;2
1775;"9831018500";"Rishi jaiswal";"URBANA TOWER-6 FLAT-0304";"";"";11;1
1907;"9831019033";"NAVNEET AGARWAL";"NAV NIKET 101H,BLOCK F NEW ALIPORE KOL-53";"";"";10;1
1765;"9831019991";"SHARDA SINGHANIA";"24 SUNDEEP,9 PRETORIA STREET KOL-71";"";"";11;2
1790;"9831023475";"S L SETHIA";"117 SOUTHERN AVENUE 4TH FLOOR KOL-29";"";"";17;1
1819;"9831036815";"NEHA AGGARWAL";"19B RITCHIE ROAD REGENT TOWER FLAT-3B KOL-19 OPP ST LAWRENCE SCHOOL";"";"";17;1
1527;"9831036880";"Alpana Phumbhra";"22 lee road block-B 4th floor kol-20";"";"";13;2
1499;"9831039555";"VANDITA SANGIVI";"10/2 Hungerford Street,Ground Floor,Kolkata-17";"";"";13;2
1818;"9831040945";"rajesh jain";"57M ballygunge circular road kol-19 1st floor";"";"";17;1
1467;"9831041546";"ANU BAGLA";"CJ 120 SALTLAKER SEC-2 NEAR TANK NO 9";"";"";12;5
1492;"9831041672";"kavita";"6/C MIDDLETON STREET GULMOUR BUILDING FLAT-51 5TH FLOOR";"";"";13;0
1589;"9831046395";"RAJENDRA BHUTRA";"106 NARKELDANGA MAIN RD 4TH FLOOR KOL-54";"";"";15;2
1936;"9831048121";"RITU SARAOGI";"8/4A/1,ALIPORE PARK ROAD 2ND FLOOR (NEAR STATE BANK OPP ASHOKA ROAD)";"";"";10;3
1733;"9831048931";"Alka modi";"10 Lord Sinha Road,Ankur Building,floor-4, Flat 5A, Kolkata-71";"";"";11;2
1530;"9831050650";"DIVYA KHETTRY";"9/1 C TALBAGAN LANE PARK CIRCUS KOL-17";"";"";13;0
1574;"9831062741";"ASHOK GOEL";"293 GOURINATH SHASTRI SARANI (SHYAM RESIDENCY FLAT N0-6D)";"";"";14;1
1789;"9831064343";"JAIN";"48/4 GARIAHAT ROAD KOL-19 FLAT-8A ";"";"";11;3
1750;"9831071001";"Adhishri bhandari";"6a iron side road Windsor palace block D,flat 203-204";"";"";11;1
1927;"9831071771";"lalit bhalotia";"18g alipore road kol-27";"";"";10;3
1763;"9831072725";"SARITA RUIA";"5 SUNNY PARK";"";"";11;0
1798;"9831073772";"Vasu";"25/1 Roland Road, flat-4b, Kolkata-20";"";"";17;0
1524;"9831077873";"PRIYANKA GOENKA";"15/1B LOUDON STREET SAMIR BUILDING 1ST FLOOR";"";"";13;3
1850;"9831077917";"AAKRITI AGARWAL";"14A ROWLAND ROAD VILLA#6 KOL-20";"";"";17;2
1489;"9831080701";"Nidhi Mirania";"Mirania Niket 36/1b elgin road opp Dr Gautam Khastagir clinic kol-20";"";"";13;1
1873;"9831086794";"Sonali Bhutoria";"9b Alipur Avenue";"";"";10;1
1611;"9831086949";"nita sethia";"no";"";"";16;1
1453;"983108700";"SUNIL BAID";"604 D DAKSHINDARI ROAD LAHA BAGAN SHREEBHUMI LAKE TOWN  4TH FLOOR (NEAR- HP GAS SHOP)";"";"";12;0
1598;"9831087771";"namrata Surana";"b-16 metropolitan society em bypass kol-10 (lane adjacent to bypass dhaba";"";"";15;4
1474;"9831088051";"MANISH MOUKIM";"FD-335 SALT LAKE SECTOR -3 BEHIND TANK NO-11(NEAR POUR BHAWAN.";"";"";12;1
1519;"9831091111";"sushila golcha";"5 camac street flat-7c kol-17";"";"";13;0
1754;"9831099966";"MANISHA KANKARIA";"2A QUEENS PARK 4TH FLOOR KANKARIA NIWAS ";"";"";11;1
1494;"9831103243";"Manjula dugger";"d.l.khan road";"";"";13;2
1803;"9831104125";"kumud mitra";"KUSUM APT";"";"";17;1
1522;"9831127577";"MEHEK TALREJA";"ABHINANDAN APTS 27A/b royd street flat-3e kol-16(next to bata elliot road)";"";"";13;1
1592;"9831129980";"SURESH KASAT";"Swarnamani 9TH FLOOR MIDDLE BLOCK ,33 canal street near Mani square kol-58";"";"";15;2
1791;"9831133356";"vasudha jalan";"34 ballygunge circular road flat c,Devdwar building .Near science colledge";"";"";17;1
1804;"9831134343";"Priya Golchha";"ASTRAL";"";"";17;2
1521;"9831146607";"Rachnna";"27 marquis street 401 siddha villa near jamuna cinema opp kasturi restaurant kol-16";"";"";13;1
1915;"9831168111";"RADHIKA SAHA";"NIPHA HOUSE 17NB/NC BLOCK-A NEW ALIPORE KOL-53 (SAME LANE AS UDAYAN CLUB)";"";"";10;1
1858;"9831169722";"SUNANDA GANERIWALA";"28B ROWLAND ROAD RADHA NIKETAN 2ND FLOOR FLAT NO-6 KOL-20.NEXT TO ROLLAND PLAZA OPP-ORANGE DOOR MONT";"";"";17;0
1719;"9831177269";"Rajni JunJunwala";"2/2 Bright street kolkata-19 opposite Modern High School for girls ";"";"";11;2
1902;"9831198024";"ARADHITA AGARWAL";"10A BURDAWAN ROAD 2ND FLOOR ALIPORE KOL-27";"";"";10;1
1878;"9831209635";"Pushpa Bangla";"5H New  Road";"";"";10;1
1442;"9831221825";"SUDIP VERMA";"333 CANAL STREET TARA APARTMENT FLAT NO -6 3RD FLOOR KOL-48(near dafodil nursing home)";"";"";12;2
1721;"9831235315";"Brigette Vaswani";"8 Mayfair Road Wesman Center Kol-19";"";"";11;3
1904;"9831235353";"SHANTANU SAHARIA";"4 ALIPORE AVENUE KOL-27";"";"";10;1
1502;"9831246464";"KANUPRIYA GOEL";"";"";"";13;3
1839;"9831257068";"ISHAD AGGARWAL";"20 RAJA BASANTA ROY ROAD KOL-26 1ST FLOOR FLAT NO-3/1 (NEAR LAKE MALL)";"";"";17;1
1848;"9831260123";"Ritu Dalmia";"FLAT-8b NAVRANG BUILDING 6 SOUTHEND PARK";"";"";17;4
1444;"9831263295";"SEEMA AGGARWAL";"DUMDUM HEIGHTS BLOCK A,FLAT NO 2C 6/2 JESSORE ROAD KOL-28";"";"";12;2
1868;"9831275888";"Preeti Saini";"Saini Villa, 139 B, Block G, New Alipore, 2nd floor, Kol 53";"";"";10;1
1797;"9831285000";"Richa dalmia";"5c,suket apartment 20 ballygunge circular road kol-19";"";"";17;2
1532;"9831295958";"SUSHMA NAHATA";"Flat 4e, 26b camac street,kolkata-16Near Vardan Market";"";"";13;1
1853;"9831302704";"ARVIND JAIN";"40 KABIR ROAD KOL-26 (GROUND FLOOR NEAR SOUTHERN SWIMMING POOL)";"";"";17;0
1770;"9831316780";"PREMLATA CHORARIA";"11/1 SUNNY PARK FLAT-G-4";"";"";11;2
1816;"9831322747";"PUNEET MURARKA";"13/2B PRIYANATH MULLICK ROAD KOL-26 OPP CHITTERANJAN CANCER HOSPITAL BACK GATE HAZRA";"";"";17;1
1586;"9831333376";"RASHMI GOYAL";"Swarnamani flat-23A oriana ,33 canal street near Mani square kol-58";"";"";15;2
1596;"9831342993";"Ashish kedia";"P-30 NEW CIT SCHEME ROAD KAKURGACHI VIP COMPLEX 7TH FLOOR";"";"";15;0
1916;"9831343536";"VITHAL GANERIWALA";"8,RAJA SANTOSH ROAD,FLAT-1C,1ST FLOOR KOL-27";"";"";10;1
1823;"9831352300";"prem baid";"10/1 rowland road";"";"";17;1
1454;"9831366059";"SUMER MAL NAHATA";"356,LAKE TOWN,BLOCK-A,2ND FLOOR,(NEAR-NEW HANUMAN MANDIR,LAKE PLAZA AC MARKET WALI GALI ME,MANSA MAN";"";"";12;2
1485;"9831393783";"Pramila Jain";"3B Camac Street, Flat no.508, Mansarovar Building, flr-5";"";"";13;2
1445;"9831405533";"B P AGGARWAL";"862 JESSORE ROAD D BUILDING 3RD FLOOR (NEAR CHINA MANDIR)";"";"";12;1
1756;"9831406562";"amrita sukhani";"7 bright street kol-19 (bright apartments)flat-7c";"";"";11;2
1510;"9831416433";"SWATI BALAR";"VICTORIA VIEW FLAT-16 B";"";"";13;1
1768;"9831427349";"Anuran bhowmik";"";"";"";11;0
1830;"9831470333";"Shweta goel";"6 dover road Flat-5b kol-19";"";"";17;1
1507;"9831511459";"RESHMI AGGARWAL";"12 LOUDEN STREET";"";"";13;0
1896;"9831530224";"R.K CHOUDHURY";"4 A ASHOKA ROAD SURYA KIRAN BUILDING 4TH FLOOR ALIPORE KOL-27";"";"";10;3
1758;"9831540222";"PURNIMA SOMANI";"19 DOVER PLACE RAJWADI BUILDING FLAT-D KOL-19";"";"";11;1
1836;"9831570121";"r.srimal";"9a,haji mohsin road kol-26(beside tollygunge police station)";"";"";17;0
1933;"9831592031";"EKTA SINGHANIA";"harbour heights,BLOCK-B,1ST FLOOR,35/1 diamond harbour road kol-27";"";"";10;1
1523;"9831666616";"ANAHITA KAYAN";"9/2 HUNGERFORD STREET BESIDE GOVT CIRCUITE HOUSE";"";"";13;1
1782;"9831667851";"Navin nahata";"36a garcha 1st lane ,onkar house flat-5b(opp raddision hotel)";"";"";11;1
1449;"9831670223";"vijayant/sushil Aggarwal";"136 jessore road Avni oxford block 2 lobby 2 flat no 4E (Avni oxford phase 1)";"";"";12;1
1483;"9831703751";"SWEETA AGGAEWAL";"74 TOPSIA ROAD SOUTH, SUNFLOWER GARDENS,TOWER-3 FLAT-13D KOL-46";"";"";13;1
1466;"9831730136";"SHAILJA JHUNJHUNWALA";"CB 2 SALT LAKE  SEC-1 NEAR CA ISLAND 1ST FLOOR";"";"";12;2
1899;"9831756681";"swati meheta";"401/1 new alipore block-g 2nd floor";"";"";10;1
1588;"9831769636";"ROSY GARG";"98A HEM CHANDRA NASKAR ROAD KOL-10";"";"";15;1
1840;"9831802014";"RADHIKA PODDAR";"34 ballygunge circular road Devdwar building .PODDAR HOUSE WITHEN THIS COMPLEX AT THE BACK ";"";"";17;0
1881;"9831810310";"Alka Gupta";"3 A National Library Avenue, Gupta Niketan,4th Floor";"";"";10;2
1603;"9831812754";"RASHMI SARIA";"Swarnamani 13TH FLOOR ORAINA TOWER ,33 canal street near Mani square kol-58";"";"";15;1
1566;"9831828101";"SUNITA SARAF";"A/B 2 RAJARHATT ROAD JAYNGRA BAGUIHATI OPP-ARATI CINEMA KOL-59";"";"";14;1
1608;"9831841000";"swati aggarwal";"no";"";"";16;2
1497;"9831843829";"vandana mittal";"d.l.khan road";"";"";13;1
1825;"9831844782";"RIDHIMA SEKSARIA";"3 B, RAINEY PARK 1ST FLOOR KOL-19";"";"";17;1
1506;"9831888860";"TRISHNA PATODIA";"3 MORIA STREET";"";"";13;2
1508;"9831919207";"JYOTI BERELI";"6/1 MORIA STREEET";"";"";13;1
1591;"9831977008";"sujata agarwal";"7 jatindra mohan avenue kol-6 (near girish park metro station and after c.r avenue and bedon street ";"";"";15;1
1526;"9836003516";"PAYAL KUMAR";"6/1 WOOD STREET KOL-16 (OPP SATURDAY CLUB)";"";"";13;1
1722;"9836035731";"Kusum Kejriwal";"11B/1 Pam avenu kolkata19 gunjan apartment 3rd flr right from lift";"";"";11;1
1460;"9836133876";"RAJIB SHAH";"244 LAKE TOWN BLOCK-A";"";"";12;0
1737;"9836170170";"Neha Suraiya";"20 shakespeare sarani kol-71 2nd floor";"";"";11;2
1597;"9836270928";"Manoj lodha";"18 KHELAT GHOSE LANE KOL-6 NEAR-Ganesh takies";"";"";15;1
1807;"9836295855";"ZEESHAN";"41B LOWER RANGE BECKBAGAN KOL-19 2ND FLOOR";"";"";17;0
1762;"9836342666";"NEHA GOEL";"SINGHI PARK APARTMENT 48/3 GARIAHAT ROAD NEAR TITAN SHOW ROOM KOL-19 FLAT-5D";"";"";11;1
1910;"9836368881";"SHRUTIKA AGARWALLA";"4D ASHIKA APT 14,ASHOKA ROAD ALIPORE KOL-27";"";"";10;1
1891;"9836532424";"behnaz duger";"2 f alipore avenue next to UCO BANK KOL-27";"";"";10;1
1843;"9836609393";"Suchi musaddi";"10A BALLYGUNGE CIRCULAR ROAD Anjana apt flat-2b near-max mueller bhawan";"";"";17;1
1602;"9836966614";"ANCHAL GARG";"33/1A KAKURGACHI ROAD FLA-6A ORCHID TOWER KOL-54";"";"";15;1
1774;"9841436768";"KASHISH KEWALRAMANI";"URBANA TOWER-4 FLAT-1604";"";"";11;0
1755;"9873935947";"pooja nanda";"TOWER 1 FLAT-604 URBANA";"";"";11;2
1539;"9874262212";"gaurav khemka  ";"9b TALBAGAN LANE kundra vila ground floor PARK CIRCUS KOL-17";"";"";13;0
1582;"9874312220";"vishal aggarwal";"PRASAD EXOTICA BLOCK-1 2d";"";"";15;1
1529;"9874433627";"C.S.DHAREWA";"25 RAY STREET 3RD FLOOR KOL-20 (LANE OPP TO BHOWANIPORE COLLEDGE)";"";"";13;1
1450;"9874606060";"MONA YADUKA";"AVNI OXFORD PHASE-2 BLOCK-3 FLAT-3D 3RD FLOOR ";"";"";12;3
1595;"9874628585";"PRIYA AGGARWAL";"PRASAD EXOTICA BLOCK-4 7d";"";"";15;1
1513;"9874692390";"MADHU DHANANIA";"1 LORD SINHA ROAD 2ND FLOOR KOL-71";"";"";13;1
1930;"9874765189";"USHA JALAN";"17/1E ALIPORE ROAD FLAT-2C (OPP STATE BANK OD INDIA)";"";"";10;2
1458;"9874849000";"NEELAM SHARAF";"336A CANAL STREET KOL-48 4TH FLOOR FLAT-4B (NEAR Amway building)";"";"";12;1
1757;"9881712851";"DEEPAK PALSANIYA";"URBANA T-7 FLAT-1704";"";"";11;2
1447;"9883346869";"OP SEKHSARIA";"102 BANGUR AVENUE BLOCK B 4TH FLOOR";"";"";12;3
1879;"9883362993";"Premlata Passari";"10 Judges Court Road,Flat-14(10 Judges court)";"";"";10;1
1531;"9891434923";"Aditi dudani";"Active acres tower-6A flat-5c dc  dey road tangra";"";"";13;1
1941;"9894241104";"test1";"balaji nagar";"";"";11;2
1905;"9899006178";"gaurav maloo";"2 mayur bhanj road kol-23 near bansal clinic mayur apartments flat-7e";"";"";10;1
1572;"9903010001";"Rishab sethia";"28,block-b laketown kol-89";"";"";14;1
1498;"9903023208";"SHIVANGI SHARDA";"truf road";"";"";13;1
1919;"9903034327";"Suresh aggarwal";"flat no-10a 37-B alipore road next to sri sri academy kol-27";"";"";10;2
1857;"9903037619";"sarika jain";"64b BALLYGUNGE CIRCULAR ROAD FLAT-4A";"";"";17;2
1934;"9903329297";"POOJA MODI";"1 ashoka road 9th floor";"";"";10;4
1869;"9903395883";"NAVDEEP SAINI";"Saini Villa, 139 B, Block G, New Alipore, 2nd floor, Kol 53";"";"";10;1
1777;"9903569766";"HEMANT LODHA";"URBANA TOWER-6 FLAT-1004";"";"";11;2
1594;"9903585000";"VIJAY PRAKASH KHAITAN";"KAKURGACHI";"";"";15;1
1826;"9903646402";"RENU MALHOTRA";"MOUSUMI COOO HOUSING SOCIETY 15B BALLYGUNGE CIRCULAR ROAD KOL-19 6TH FLOOR B-BLOCK FLAT-3(OPP ARMY C";"";"";17;1
1473;"9903697871";"NEHA JAIN";"CA 10 SECTOR 1 SALT LAKE NEAR TANK NO 2 NEXT TO MAFATLAL SHOWROOM (RIGHT TURN FROM PNB ISLAND)";"";"";12;6
1606;"9903863405";"megha sethia";"no";"";"";16;1
1465;"9903894456";"madhusadan sharma";"BE 353 TANK 4 KOL-64";"";"";12;1
1898;"9903940001";"SNIGDHA SHAH";"NIPHA HOUSE 17NB/NC BLOCK-A NEW ALIPORE KOL-53 (SAME LANE AS UDAYAN CLUB)";"";"";10;2
1929;"9903968809";"Shivranjani aggarwa";"9903968807 call this number she will take the milk from you from bhehala";"";"";10;3
1464;"9928332335";"lalit soni";"CG 236 SALT LAKE SECTOR 2";"";"";12;0
1730;"9932778021";"Surendar khatari/Neha";"5b rajasthali";"";"";11;1
1569;"9934496866";"AWDHESH JOSHI";"ALOR THIKANA 3 (A) DASPARA KAIKHALI CHIRIAMORE KOL-25";"";"";14;1
1906;"9977555555";"DIPTI GOENKA";"17-D ALIPORE ROAD WHITE HOUSE GARDEN NEAR SBI BANK";"";"";10;2
